timestamp,operating_time_sec,temperature_c,vibration_g,current_a,rpm,fault_type
2025-01-15 09:00:00,0,59.99,0.2006,9.93,1503.2,cooling_fault
2025-01-15 09:00:01,1,60.12,0.2004,10.005,1499.9,cooling_fault
2025-01-15 09:00:02,2,59.94,0.1967,9.945,1501.2,cooling_fault
2025-01-15 09:00:03,3,59.96,0.1997,9.939,1498.7,cooling_fault
2025-01-15 09:00:04,4,60.2,0.2023,10.073,1498.3,cooling_fault
2025-01-15 09:00:05,5,60.09,0.1975,10.039,1497.0,cooling_fault
2025-01-15 09:00:06,6,59.97,0.2013,9.951,1500.0,cooling_fault
2025-01-15 09:00:07,7,60.08,0.1981,9.905,1499.4,cooling_fault
2025-01-15 09:00:08,8,59.99,0.1977,10.055,1497.2,cooling_fault
2025-01-15 09:00:09,9,60.01,0.2016,10.056,1501.6,cooling_fault
2025-01-15 09:00:10,10,60.04,0.1963,10.001,1495.6,cooling_fault
2025-01-15 09:00:11,11,59.87,0.1986,9.975,1496.3,cooling_fault
2025-01-15 09:00:12,12,59.86,0.2025,10.059,1497.1,cooling_fault
2025-01-15 09:00:13,13,59.99,0.1989,10.144,1501.0,cooling_fault
2025-01-15 09:00:14,14,60.26,0.196,10.078,1500.5,cooling_fault
2025-01-15 09:00:15,15,60.13,0.1976,9.999,1502.2,cooling_fault
2025-01-15 09:00:16,16,59.95,0.1998,10.021,1498.6,cooling_fault
2025-01-15 09:00:17,17,59.75,0.2023,9.941,1496.7,cooling_fault
2025-01-15 09:00:18,18,60.2,0.1968,9.859,1504.6,cooling_fault
2025-01-15 09:00:19,19,59.96,0.1999,10.014,1497.1,cooling_fault
2025-01-15 09:00:20,20,60.02,0.2002,9.991,1500.6,cooling_fault
2025-01-15 09:00:21,21,59.98,0.2025,10.122,1503.5,cooling_fault
2025-01-15 09:00:22,22,60.03,0.201,10.008,1504.2,cooling_fault
2025-01-15 09:00:23,23,59.94,0.1996,10.079,1497.8,cooling_fault
2025-01-15 09:00:24,24,60.13,0.1992,10.066,1495.0,cooling_fault
2025-01-15 09:00:25,25,59.89,0.2015,9.932,1499.7,cooling_fault
2025-01-15 09:00:26,26,59.96,0.2002,9.981,1501.3,cooling_fault
2025-01-15 09:00:27,27,60.07,0.1992,9.987,1497.8,cooling_fault
2025-01-15 09:00:28,28,60.1,0.1985,9.923,1494.8,cooling_fault
2025-01-15 09:00:29,29,60.18,0.2011,10.03,1498.5,cooling_fault
2025-01-15 09:00:30,30,60.17,0.1991,10.003,1493.7,cooling_fault
2025-01-15 09:00:31,31,60.04,0.1983,9.951,1501.8,cooling_fault
2025-01-15 09:00:32,32,59.87,0.2014,10.012,1505.9,cooling_fault
2025-01-15 09:00:33,33,59.99,0.2006,9.997,1498.3,cooling_fault
2025-01-15 09:00:34,34,59.98,0.1982,10.025,1501.7,cooling_fault
2025-01-15 09:00:35,35,60.02,0.2011,9.984,1497.7,cooling_fault
2025-01-15 09:00:36,36,60.0,0.202,9.988,1497.0,cooling_fault
2025-01-15 09:00:37,37,60.0,0.2005,10.004,1499.3,cooling_fault
2025-01-15 09:00:38,38,60.0,0.2024,10.024,1498.9,cooling_fault
2025-01-15 09:00:39,39,60.13,0.1969,9.998,1502.3,cooling_fault
2025-01-15 09:00:40,40,60.0,0.2039,10.077,1499.1,cooling_fault
2025-01-15 09:00:41,41,60.16,0.2,10.022,1504.2,cooling_fault
2025-01-15 09:00:42,42,60.05,0.2016,9.997,1500.4,cooling_fault
2025-01-15 09:00:43,43,60.02,0.1985,9.97,1497.3,cooling_fault
2025-01-15 09:00:44,44,60.04,0.1973,9.878,1502.7,cooling_fault
2025-01-15 09:00:45,45,60.04,0.2011,9.951,1500.5,cooling_fault
2025-01-15 09:00:46,46,59.9,0.2002,10.01,1497.0,cooling_fault
2025-01-15 09:00:47,47,60.05,0.201,10.015,1497.2,cooling_fault
2025-01-15 09:00:48,48,59.94,0.1973,10.046,1494.8,cooling_fault
2025-01-15 09:00:49,49,59.98,0.2015,9.979,1504.7,cooling_fault
2025-01-15 09:00:50,50,60.01,0.201,10.079,1501.8,cooling_fault
2025-01-15 09:00:51,51,60.11,0.199,9.871,1503.4,cooling_fault
2025-01-15 09:00:52,52,59.96,0.1996,10.027,1502.0,cooling_fault
2025-01-15 09:00:53,53,59.95,0.2018,9.923,1496.4,cooling_fault
2025-01-15 09:00:54,54,59.87,0.2001,10.071,1501.4,cooling_fault
2025-01-15 09:00:55,55,60.07,0.1987,10.041,1500.3,cooling_fault
2025-01-15 09:00:56,56,60.0,0.2019,9.944,1497.9,cooling_fault
2025-01-15 09:00:57,57,60.02,0.1985,9.958,1503.4,cooling_fault
2025-01-15 09:00:58,58,59.91,0.1967,10.053,1506.0,cooling_fault
2025-01-15 09:00:59,59,60.09,0.2042,10.011,1505.0,cooling_fault
2025-01-15 09:01:00,60,60.07,0.1983,9.995,1501.7,cooling_fault
2025-01-15 09:01:01,61,60.01,0.2024,9.958,1500.1,cooling_fault
2025-01-15 09:01:02,62,59.88,0.2017,10.025,1493.9,cooling_fault
2025-01-15 09:01:03,63,59.99,0.1981,9.976,1501.3,cooling_fault
2025-01-15 09:01:04,64,59.94,0.2019,9.976,1503.1,cooling_fault
2025-01-15 09:01:05,65,59.84,0.2002,9.949,1504.1,cooling_fault
2025-01-15 09:01:06,66,59.87,0.2001,10.01,1504.3,cooling_fault
2025-01-15 09:01:07,67,60.06,0.1983,9.99,1504.6,cooling_fault
2025-01-15 09:01:08,68,59.92,0.2015,9.96,1502.2,cooling_fault
2025-01-15 09:01:09,69,59.84,0.2023,9.953,1500.6,cooling_fault
2025-01-15 09:01:10,70,59.99,0.1977,9.984,1501.7,cooling_fault
2025-01-15 09:01:11,71,60.06,0.2031,9.945,1504.1,cooling_fault
2025-01-15 09:01:12,72,60.11,0.2013,10.066,1504.4,cooling_fault
2025-01-15 09:01:13,73,59.87,0.1953,10.029,1498.1,cooling_fault
2025-01-15 09:01:14,74,59.96,0.1947,9.969,1498.6,cooling_fault
2025-01-15 09:01:15,75,60.07,0.1996,10.091,1501.4,cooling_fault
2025-01-15 09:01:16,76,59.98,0.1991,9.928,1502.1,cooling_fault
2025-01-15 09:01:17,77,60.03,0.2,10.034,1501.8,cooling_fault
2025-01-15 09:01:18,78,59.86,0.1989,10.013,1504.5,cooling_fault
2025-01-15 09:01:19,79,59.87,0.202,9.972,1499.9,cooling_fault
2025-01-15 09:01:20,80,60.21,0.1981,10.064,1497.3,cooling_fault
2025-01-15 09:01:21,81,60.05,0.199,10.034,1503.6,cooling_fault
2025-01-15 09:01:22,82,60.0,0.2016,10.016,1504.3,cooling_fault
2025-01-15 09:01:23,83,60.0,0.1993,10.111,1498.1,cooling_fault
2025-01-15 09:01:24,84,59.94,0.1985,10.031,1498.4,cooling_fault
2025-01-15 09:01:25,85,59.94,0.1994,10.032,1503.5,cooling_fault
2025-01-15 09:01:26,86,59.82,0.1997,9.995,1500.1,cooling_fault
2025-01-15 09:01:27,87,59.97,0.1996,9.963,1500.8,cooling_fault
2025-01-15 09:01:28,88,59.99,0.1981,10.04,1495.0,cooling_fault
2025-01-15 09:01:29,89,60.03,0.1997,9.946,1493.6,cooling_fault
2025-01-15 09:01:30,90,59.98,0.2001,9.948,1495.9,cooling_fault
2025-01-15 09:01:31,91,60.01,0.199,9.999,1499.2,cooling_fault
2025-01-15 09:01:32,92,60.06,0.2013,9.888,1498.2,cooling_fault
2025-01-15 09:01:33,93,60.08,0.1985,10.009,1503.8,cooling_fault
2025-01-15 09:01:34,94,60.17,0.1982,10.006,1501.3,cooling_fault
2025-01-15 09:01:35,95,60.07,0.2003,10.024,1497.3,cooling_fault
2025-01-15 09:01:36,96,59.94,0.1964,9.933,1503.3,cooling_fault
2025-01-15 09:01:37,97,59.97,0.1994,9.958,1493.1,cooling_fault
2025-01-15 09:01:38,98,59.88,0.1991,9.921,1499.6,cooling_fault
2025-01-15 09:01:39,99,59.94,0.1987,9.925,1500.7,cooling_fault
2025-01-15 09:01:40,100,59.96,0.2028,10.049,1498.1,cooling_fault
2025-01-15 09:01:41,101,60.13,0.2006,10.004,1491.4,cooling_fault
2025-01-15 09:01:42,102,59.99,0.1992,9.944,1501.7,cooling_fault
2025-01-15 09:01:43,103,60.05,0.1995,9.929,1502.5,cooling_fault
2025-01-15 09:01:44,104,59.91,0.1999,9.974,1499.4,cooling_fault
2025-01-15 09:01:45,105,59.98,0.2022,9.959,1500.6,cooling_fault
2025-01-15 09:01:46,106,59.85,0.2019,9.979,1497.2,cooling_fault
2025-01-15 09:01:47,107,60.04,0.1998,10.008,1501.2,cooling_fault
2025-01-15 09:01:48,108,60.16,0.199,10.057,1499.5,cooling_fault
2025-01-15 09:01:49,109,60.07,0.2013,10.023,1502.6,cooling_fault
2025-01-15 09:01:50,110,59.97,0.1973,10.066,1503.2,cooling_fault
2025-01-15 09:01:51,111,59.93,0.2025,10.07,1497.5,cooling_fault
2025-01-15 09:01:52,112,60.02,0.2004,10.018,1500.6,cooling_fault
2025-01-15 09:01:53,113,60.03,0.1993,9.917,1501.0,cooling_fault
2025-01-15 09:01:54,114,60.24,0.201,9.898,1500.2,cooling_fault
2025-01-15 09:01:55,115,59.83,0.2004,10.001,1491.4,cooling_fault
2025-01-15 09:01:56,116,59.91,0.197,10.09,1499.3,cooling_fault
2025-01-15 09:01:57,117,60.0,0.2041,10.064,1497.7,cooling_fault
2025-01-15 09:01:58,118,59.95,0.1971,10.053,1500.6,cooling_fault
2025-01-15 09:01:59,119,60.12,0.1976,9.999,1503.3,cooling_fault
2025-01-15 09:02:00,120,59.93,0.2026,9.973,1496.9,cooling_fault
2025-01-15 09:02:01,121,59.99,0.2011,10.003,1496.6,cooling_fault
2025-01-15 09:02:02,122,59.93,0.1986,9.935,1506.1,cooling_fault
2025-01-15 09:02:03,123,60.19,0.198,10.012,1500.8,cooling_fault
2025-01-15 09:02:04,124,60.21,0.1994,10.031,1497.2,cooling_fault
2025-01-15 09:02:05,125,60.15,0.2018,9.951,1499.6,cooling_fault
2025-01-15 09:02:06,126,60.18,0.1974,10.088,1502.3,cooling_fault
2025-01-15 09:02:07,127,60.32,0.2017,9.968,1498.2,cooling_fault
2025-01-15 09:02:08,128,60.15,0.1979,10.045,1496.5,cooling_fault
2025-01-15 09:02:09,129,60.16,0.2036,10.152,1498.9,cooling_fault
2025-01-15 09:02:10,130,60.42,0.2037,10.001,1500.9,cooling_fault
2025-01-15 09:02:11,131,60.36,0.2054,10.012,1499.7,cooling_fault
2025-01-15 09:02:12,132,60.24,0.2022,10.045,1495.7,cooling_fault
2025-01-15 09:02:13,133,60.44,0.2009,9.945,1499.6,cooling_fault
2025-01-15 09:02:14,134,60.26,0.1981,10.061,1493.2,cooling_fault
2025-01-15 09:02:15,135,60.27,0.1996,10.025,1502.1,cooling_fault
2025-01-15 09:02:16,136,60.38,0.2001,9.996,1498.9,cooling_fault
2025-01-15 09:02:17,137,60.48,0.1992,10.007,1500.6,cooling_fault
2025-01-15 09:02:18,138,60.34,0.2014,9.986,1500.8,cooling_fault
2025-01-15 09:02:19,139,60.27,0.1981,9.989,1497.7,cooling_fault
2025-01-15 09:02:20,140,60.7,0.1977,10.033,1498.9,cooling_fault
2025-01-15 09:02:21,141,60.58,0.199,9.994,1498.2,cooling_fault
2025-01-15 09:02:22,142,60.56,0.2006,10.024,1500.2,cooling_fault
2025-01-15 09:02:23,143,60.52,0.2001,10.032,1500.6,cooling_fault
2025-01-15 09:02:24,144,60.62,0.2024,9.968,1500.4,cooling_fault
2025-01-15 09:02:25,145,60.67,0.2002,10.056,1494.0,cooling_fault
2025-01-15 09:02:26,146,60.48,0.2018,9.992,1502.7,cooling_fault
2025-01-15 09:02:27,147,60.65,0.1971,10.07,1505.3,cooling_fault
2025-01-15 09:02:28,148,60.73,0.201,9.987,1501.9,cooling_fault
2025-01-15 09:02:29,149,60.62,0.1999,9.995,1498.3,cooling_fault
2025-01-15 09:02:30,150,60.87,0.1999,10.012,1500.4,cooling_fault
2025-01-15 09:02:31,151,60.77,0.2028,10.031,1503.2,cooling_fault
2025-01-15 09:02:32,152,60.78,0.2009,10.024,1499.0,cooling_fault
2025-01-15 09:02:33,153,60.89,0.2006,10.043,1500.6,cooling_fault
2025-01-15 09:02:34,154,60.76,0.1998,10.026,1500.7,cooling_fault
2025-01-15 09:02:35,155,60.75,0.1996,10.005,1499.2,cooling_fault
2025-01-15 09:02:36,156,61.13,0.2001,9.98,1501.9,cooling_fault
2025-01-15 09:02:37,157,61.07,0.1988,10.023,1501.8,cooling_fault
2025-01-15 09:02:38,158,60.92,0.203,9.96,1501.2,cooling_fault
2025-01-15 09:02:39,159,60.83,0.1964,10.048,1500.7,cooling_fault
2025-01-15 09:02:40,160,61.03,0.202,9.958,1501.9,cooling_fault
2025-01-15 09:02:41,161,60.94,0.2,9.983,1504.0,cooling_fault
2025-01-15 09:02:42,162,60.91,0.1987,10.065,1500.3,cooling_fault
2025-01-15 09:02:43,163,61.09,0.1997,9.962,1497.7,cooling_fault
2025-01-15 09:02:44,164,60.83,0.1988,9.995,1499.2,cooling_fault
2025-01-15 09:02:45,165,61.08,0.2007,9.967,1500.5,cooling_fault
2025-01-15 09:02:46,166,61.08,0.1978,10.028,1499.8,cooling_fault
2025-01-15 09:02:47,167,61.33,0.2015,9.993,1500.5,cooling_fault
2025-01-15 09:02:48,168,61.14,0.2002,10.048,1497.6,cooling_fault
2025-01-15 09:02:49,169,61.32,0.1993,10.031,1496.2,cooling_fault
2025-01-15 09:02:50,170,61.21,0.1995,10.021,1499.7,cooling_fault
2025-01-15 09:02:51,171,61.24,0.1988,10.007,1502.7,cooling_fault
2025-01-15 09:02:52,172,61.26,0.2017,10.008,1501.3,cooling_fault
2025-01-15 09:02:53,173,61.37,0.2008,10.03,1499.0,cooling_fault
2025-01-15 09:02:54,174,61.43,0.201,9.982,1501.5,cooling_fault
2025-01-15 09:02:55,175,61.38,0.2037,10.04,1503.4,cooling_fault
2025-01-15 09:02:56,176,61.43,0.2022,10.035,1499.0,cooling_fault
2025-01-15 09:02:57,177,61.34,0.1993,10.01,1495.7,cooling_fault
2025-01-15 09:02:58,178,61.5,0.2002,10.01,1497.9,cooling_fault
2025-01-15 09:02:59,179,61.34,0.203,10.033,1503.7,cooling_fault
2025-01-15 09:03:00,180,61.57,0.2038,10.019,1504.1,cooling_fault
2025-01-15 09:03:01,181,61.45,0.2001,9.991,1500.0,cooling_fault
2025-01-15 09:03:02,182,61.59,0.1987,10.082,1500.6,cooling_fault
2025-01-15 09:03:03,183,61.62,0.2015,10.061,1496.6,cooling_fault
2025-01-15 09:03:04,184,61.62,0.1965,10.005,1500.5,cooling_fault
2025-01-15 09:03:05,185,61.59,0.2006,10.093,1501.3,cooling_fault
2025-01-15 09:03:06,186,61.67,0.2014,10.037,1497.0,cooling_fault
2025-01-15 09:03:07,187,61.72,0.1999,10.042,1497.5,cooling_fault
2025-01-15 09:03:08,188,61.76,0.195,10.078,1499.8,cooling_fault
2025-01-15 09:03:09,189,61.67,0.1997,10.006,1501.2,cooling_fault
2025-01-15 09:03:10,190,61.8,0.2036,10.043,1498.3,cooling_fault
2025-01-15 09:03:11,191,61.7,0.1998,10.052,1495.5,cooling_fault
2025-01-15 09:03:12,192,61.77,0.202,10.02,1499.3,cooling_fault
2025-01-15 09:03:13,193,61.88,0.1962,10.048,1495.3,cooling_fault
2025-01-15 09:03:14,194,61.87,0.1989,9.958,1500.7,cooling_fault
2025-01-15 09:03:15,195,61.9,0.2008,10.016,1497.0,cooling_fault
2025-01-15 09:03:16,196,61.91,0.1999,9.983,1502.7,cooling_fault
2025-01-15 09:03:17,197,61.88,0.2007,10.067,1505.1,cooling_fault
2025-01-15 09:03:18,198,62.09,0.2013,10.053,1498.8,cooling_fault
2025-01-15 09:03:19,199,61.93,0.198,9.907,1501.5,cooling_fault
2025-01-15 09:03:20,200,62.1,0.2019,10.013,1501.7,cooling_fault
2025-01-15 09:03:21,201,61.99,0.2012,10.106,1494.4,cooling_fault
2025-01-15 09:03:22,202,61.99,0.2005,9.924,1499.2,cooling_fault
2025-01-15 09:03:23,203,62.04,0.2033,10.081,1503.8,cooling_fault
2025-01-15 09:03:24,204,62.29,0.2022,10.039,1502.5,cooling_fault
2025-01-15 09:03:25,205,62.09,0.1999,10.006,1500.9,cooling_fault
2025-01-15 09:03:26,206,62.17,0.2002,10.055,1498.5,cooling_fault
2025-01-15 09:03:27,207,62.33,0.2024,10.002,1497.2,cooling_fault
2025-01-15 09:03:28,208,62.23,0.2006,10.017,1501.7,cooling_fault
2025-01-15 09:03:29,209,62.18,0.1994,9.914,1495.8,cooling_fault
2025-01-15 09:03:30,210,62.2,0.2037,10.046,1500.3,cooling_fault
2025-01-15 09:03:31,211,62.38,0.2004,10.0,1502.5,cooling_fault
2025-01-15 09:03:32,212,62.29,0.2008,10.017,1501.5,cooling_fault
2025-01-15 09:03:33,213,62.3,0.1989,10.009,1498.5,cooling_fault
2025-01-15 09:03:34,214,62.34,0.2012,10.122,1493.1,cooling_fault
2025-01-15 09:03:35,215,62.39,0.1958,9.996,1497.2,cooling_fault
2025-01-15 09:03:36,216,62.42,0.2015,10.044,1501.1,cooling_fault
2025-01-15 09:03:37,217,62.37,0.2026,9.96,1499.2,cooling_fault
2025-01-15 09:03:38,218,62.33,0.2017,10.062,1500.8,cooling_fault
2025-01-15 09:03:39,219,62.58,0.2014,10.044,1499.3,cooling_fault
2025-01-15 09:03:40,220,62.64,0.2011,10.037,1495.9,cooling_fault
2025-01-15 09:03:41,221,62.48,0.1994,9.962,1496.2,cooling_fault
2025-01-15 09:03:42,222,62.54,0.1991,9.975,1495.9,cooling_fault
2025-01-15 09:03:43,223,62.6,0.1976,9.971,1495.2,cooling_fault
2025-01-15 09:03:44,224,62.5,0.1974,10.068,1500.1,cooling_fault
2025-01-15 09:03:45,225,62.59,0.2032,10.044,1495.2,cooling_fault
2025-01-15 09:03:46,226,62.6,0.1993,10.004,1500.5,cooling_fault
2025-01-15 09:03:47,227,62.75,0.2029,10.017,1496.4,cooling_fault
2025-01-15 09:03:48,228,62.69,0.2033,10.082,1493.0,cooling_fault
2025-01-15 09:03:49,229,62.66,0.2016,10.075,1500.6,cooling_fault
2025-01-15 09:03:50,230,62.57,0.1999,10.033,1496.9,cooling_fault
2025-01-15 09:03:51,231,62.8,0.2013,10.01,1498.1,cooling_fault
2025-01-15 09:03:52,232,62.77,0.2019,10.037,1499.0,cooling_fault
2025-01-15 09:03:53,233,62.58,0.2052,9.969,1499.4,cooling_fault
2025-01-15 09:03:54,234,62.8,0.1995,10.018,1498.2,cooling_fault
2025-01-15 09:03:55,235,62.91,0.2034,10.044,1495.6,cooling_fault
2025-01-15 09:03:56,236,63.02,0.204,10.01,1499.1,cooling_fault
2025-01-15 09:03:57,237,63.0,0.2007,10.109,1501.1,cooling_fault
2025-01-15 09:03:58,238,62.93,0.2043,10.026,1501.3,cooling_fault
2025-01-15 09:03:59,239,63.09,0.2038,9.986,1506.9,cooling_fault
2025-01-15 09:04:00,240,62.9,0.2026,10.06,1499.8,cooling_fault
2025-01-15 09:04:01,241,63.15,0.2032,10.007,1499.3,cooling_fault
2025-01-15 09:04:02,242,63.19,0.2029,10.08,1499.5,cooling_fault
2025-01-15 09:04:03,243,63.15,0.2042,10.023,1496.8,cooling_fault
2025-01-15 09:04:04,244,62.97,0.2017,10.04,1498.1,cooling_fault
2025-01-15 09:04:05,245,62.82,0.2006,10.071,1495.9,cooling_fault
2025-01-15 09:04:06,246,63.32,0.2003,10.111,1498.4,cooling_fault
2025-01-15 09:04:07,247,63.16,0.2007,10.026,1497.7,cooling_fault
2025-01-15 09:04:08,248,63.15,0.204,10.028,1503.9,cooling_fault
2025-01-15 09:04:09,249,63.21,0.201,10.066,1501.9,cooling_fault
2025-01-15 09:04:10,250,63.31,0.1995,10.119,1499.1,cooling_fault
2025-01-15 09:04:11,251,63.07,0.1986,10.034,1498.9,cooling_fault
2025-01-15 09:04:12,252,63.36,0.2016,10.022,1500.6,cooling_fault
2025-01-15 09:04:13,253,63.39,0.2027,10.007,1499.7,cooling_fault
2025-01-15 09:04:14,254,63.41,0.199,10.018,1499.7,cooling_fault
2025-01-15 09:04:15,255,63.43,0.2001,9.957,1501.4,cooling_fault
2025-01-15 09:04:16,256,63.21,0.2018,10.128,1501.1,cooling_fault
2025-01-15 09:04:17,257,63.38,0.1989,10.059,1499.0,cooling_fault
2025-01-15 09:04:18,258,63.56,0.2017,10.07,1502.8,cooling_fault
2025-01-15 09:04:19,259,63.47,0.2054,10.164,1495.0,cooling_fault
2025-01-15 09:04:20,260,63.64,0.2028,10.065,1499.1,cooling_fault
2025-01-15 09:04:21,261,63.58,0.2058,10.094,1499.1,cooling_fault
2025-01-15 09:04:22,262,63.53,0.1974,10.019,1499.4,cooling_fault
2025-01-15 09:04:23,263,63.71,0.2,10.055,1502.7,cooling_fault
2025-01-15 09:04:24,264,63.7,0.2022,10.006,1499.2,cooling_fault
2025-01-15 09:04:25,265,63.79,0.206,10.113,1500.1,cooling_fault
2025-01-15 09:04:26,266,63.75,0.2013,9.951,1498.7,cooling_fault
2025-01-15 09:04:27,267,63.55,0.1999,10.028,1498.0,cooling_fault
2025-01-15 09:04:28,268,63.69,0.2037,10.029,1499.8,cooling_fault
2025-01-15 09:04:29,269,63.59,0.2003,10.05,1502.2,cooling_fault
2025-01-15 09:04:30,270,63.62,0.2019,10.042,1502.2,cooling_fault
2025-01-15 09:04:31,271,63.92,0.2028,10.055,1503.6,cooling_fault
2025-01-15 09:04:32,272,63.83,0.2037,10.111,1495.9,cooling_fault
2025-01-15 09:04:33,273,63.8,0.2027,10.057,1501.0,cooling_fault
2025-01-15 09:04:34,274,63.85,0.2057,10.166,1500.1,cooling_fault
2025-01-15 09:04:35,275,64.08,0.2,10.108,1494.8,cooling_fault
2025-01-15 09:04:36,276,64.03,0.2023,9.982,1499.4,cooling_fault
2025-01-15 09:04:37,277,64.05,0.2034,10.03,1497.7,cooling_fault
2025-01-15 09:04:38,278,64.08,0.203,10.033,1501.1,cooling_fault
2025-01-15 09:04:39,279,63.98,0.2024,9.989,1496.9,cooling_fault
2025-01-15 09:04:40,280,63.86,0.1987,10.058,1498.2,cooling_fault
2025-01-15 09:04:41,281,63.88,0.2006,10.062,1499.0,cooling_fault
2025-01-15 09:04:42,282,64.17,0.1997,9.883,1501.7,cooling_fault
2025-01-15 09:04:43,283,64.22,0.201,9.963,1497.7,cooling_fault
2025-01-15 09:04:44,284,64.11,0.2009,10.094,1499.6,cooling_fault
2025-01-15 09:04:45,285,64.14,0.1993,10.01,1496.4,cooling_fault
2025-01-15 09:04:46,286,64.15,0.1987,10.014,1491.8,cooling_fault
2025-01-15 09:04:47,287,64.16,0.2009,10.055,1504.3,cooling_fault
2025-01-15 09:04:48,288,64.26,0.1984,10.102,1502.4,cooling_fault
2025-01-15 09:04:49,289,64.14,0.2028,10.107,1498.3,cooling_fault
2025-01-15 09:04:50,290,64.37,0.2043,9.995,1496.7,cooling_fault
2025-01-15 09:04:51,291,64.21,0.2002,10.097,1498.9,cooling_fault
2025-01-15 09:04:52,292,64.35,0.2001,10.189,1498.9,cooling_fault
2025-01-15 09:04:53,293,64.26,0.1993,10.017,1501.5,cooling_fault
2025-01-15 09:04:54,294,64.37,0.2025,10.033,1502.6,cooling_fault
2025-01-15 09:04:55,295,64.44,0.2021,9.99,1495.4,cooling_fault
2025-01-15 09:04:56,296,64.43,0.2,10.025,1498.1,cooling_fault
2025-01-15 09:04:57,297,64.5,0.2023,10.027,1497.6,cooling_fault
2025-01-15 09:04:58,298,64.48,0.2015,10.066,1500.2,cooling_fault
2025-01-15 09:04:59,299,64.54,0.2019,10.061,1496.6,cooling_fault
2025-01-15 09:05:00,300,64.4,0.203,10.126,1496.6,cooling_fault
2025-01-15 09:05:01,301,64.4,0.2036,10.097,1495.3,cooling_fault
2025-01-15 09:05:02,302,64.59,0.2005,10.008,1498.9,cooling_fault
2025-01-15 09:05:03,303,64.52,0.2044,10.092,1496.2,cooling_fault
2025-01-15 09:05:04,304,64.49,0.1987,10.096,1497.6,cooling_fault
2025-01-15 09:05:05,305,64.77,0.2045,9.996,1495.0,cooling_fault
2025-01-15 09:05:06,306,64.63,0.2023,10.109,1506.2,cooling_fault
2025-01-15 09:05:07,307,64.52,0.2021,10.026,1496.3,cooling_fault
2025-01-15 09:05:08,308,64.7,0.2,10.099,1496.2,cooling_fault
2025-01-15 09:05:09,309,64.79,0.2054,10.094,1500.2,cooling_fault
2025-01-15 09:05:10,310,64.87,0.2039,9.982,1499.4,cooling_fault
2025-01-15 09:05:11,311,64.94,0.1996,10.038,1499.4,cooling_fault
2025-01-15 09:05:12,312,64.89,0.1994,10.091,1499.3,cooling_fault
2025-01-15 09:05:13,313,64.69,0.2019,10.061,1496.0,cooling_fault
2025-01-15 09:05:14,314,64.71,0.2043,10.019,1497.0,cooling_fault
2025-01-15 09:05:15,315,64.86,0.2036,10.096,1494.7,cooling_fault
2025-01-15 09:05:16,316,65.09,0.2012,10.029,1499.2,cooling_fault
2025-01-15 09:05:17,317,64.91,0.2004,10.12,1501.7,cooling_fault
2025-01-15 09:05:18,318,65.07,0.2032,10.108,1495.0,cooling_fault
2025-01-15 09:05:19,319,65.11,0.2033,10.144,1497.0,cooling_fault
2025-01-15 09:05:20,320,64.85,0.2051,10.018,1497.4,cooling_fault
2025-01-15 09:05:21,321,64.99,0.2006,10.092,1501.1,cooling_fault
2025-01-15 09:05:22,322,65.04,0.2022,10.075,1495.7,cooling_fault
2025-01-15 09:05:23,323,65.08,0.1998,10.031,1491.4,cooling_fault
2025-01-15 09:05:24,324,65.1,0.2043,10.023,1502.2,cooling_fault
2025-01-15 09:05:25,325,65.08,0.2035,10.114,1493.3,cooling_fault
2025-01-15 09:05:26,326,65.1,0.2044,10.066,1500.1,cooling_fault
2025-01-15 09:05:27,327,65.24,0.2004,10.04,1498.5,cooling_fault
2025-01-15 09:05:28,328,65.24,0.2033,10.089,1494.2,cooling_fault
2025-01-15 09:05:29,329,65.22,0.2017,10.077,1495.3,cooling_fault
2025-01-15 09:05:30,330,65.08,0.2007,10.054,1495.7,cooling_fault
2025-01-15 09:05:31,331,65.33,0.2016,9.996,1494.9,cooling_fault
2025-01-15 09:05:32,332,65.3,0.2032,10.135,1499.7,cooling_fault
2025-01-15 09:05:33,333,65.41,0.2008,10.075,1490.9,cooling_fault
2025-01-15 09:05:34,334,65.37,0.1986,10.11,1501.8,cooling_fault
2025-01-15 09:05:35,335,65.37,0.2005,10.081,1497.3,cooling_fault
2025-01-15 09:05:36,336,65.39,0.2012,10.178,1500.0,cooling_fault
2025-01-15 09:05:37,337,65.45,0.2018,9.989,1492.1,cooling_fault
2025-01-15 09:05:38,338,65.56,0.2047,10.028,1494.4,cooling_fault
2025-01-15 09:05:39,339,65.42,0.2027,10.149,1490.5,cooling_fault
2025-01-15 09:05:40,340,65.32,0.2025,10.135,1500.7,cooling_fault
2025-01-15 09:05:41,341,65.55,0.2022,9.979,1498.8,cooling_fault
2025-01-15 09:05:42,342,65.41,0.2032,10.088,1503.5,cooling_fault
2025-01-15 09:05:43,343,65.54,0.2056,10.02,1494.3,cooling_fault
2025-01-15 09:05:44,344,65.57,0.2007,9.997,1498.0,cooling_fault
2025-01-15 09:05:45,345,65.68,0.2005,10.092,1499.2,cooling_fault
2025-01-15 09:05:46,346,65.85,0.2034,10.078,1496.9,cooling_fault
2025-01-15 09:05:47,347,65.68,0.2011,10.112,1498.5,cooling_fault
2025-01-15 09:05:48,348,65.65,0.2018,10.064,1496.0,cooling_fault
2025-01-15 09:05:49,349,65.77,0.2047,10.034,1495.5,cooling_fault
2025-01-15 09:05:50,350,65.66,0.2075,9.951,1495.9,cooling_fault
2025-01-15 09:05:51,351,65.8,0.2026,10.148,1500.6,cooling_fault
2025-01-15 09:05:52,352,65.76,0.2021,10.077,1503.6,cooling_fault
2025-01-15 09:05:53,353,66.07,0.2021,10.137,1496.0,cooling_fault
2025-01-15 09:05:54,354,65.76,0.2035,9.992,1501.4,cooling_fault
2025-01-15 09:05:55,355,65.85,0.2006,10.105,1496.7,cooling_fault
2025-01-15 09:05:56,356,66.0,0.2015,10.122,1497.9,cooling_fault
2025-01-15 09:05:57,357,65.79,0.2002,10.149,1493.8,cooling_fault
2025-01-15 09:05:58,358,65.92,0.2062,10.023,1499.9,cooling_fault
2025-01-15 09:05:59,359,65.91,0.2027,10.044,1493.4,cooling_fault
2025-01-15 09:06:00,360,65.75,0.2012,10.134,1499.2,cooling_fault
2025-01-15 09:06:01,361,65.93,0.2014,10.068,1501.9,cooling_fault
2025-01-15 09:06:02,362,66.04,0.2019,10.059,1499.9,cooling_fault
2025-01-15 09:06:03,363,66.0,0.2041,10.005,1503.5,cooling_fault
2025-01-15 09:06:04,364,65.85,0.202,9.973,1498.0,cooling_fault
2025-01-15 09:06:05,365,65.91,0.2033,9.978,1495.9,cooling_fault
2025-01-15 09:06:06,366,66.16,0.201,10.089,1499.1,cooling_fault
2025-01-15 09:06:07,367,66.22,0.2016,10.032,1497.6,cooling_fault
2025-01-15 09:06:08,368,66.18,0.2034,10.055,1492.0,cooling_fault
2025-01-15 09:06:09,369,66.41,0.2017,10.038,1498.9,cooling_fault
2025-01-15 09:06:10,370,66.1,0.2023,10.052,1497.4,cooling_fault
2025-01-15 09:06:11,371,66.44,0.201,10.064,1500.9,cooling_fault
2025-01-15 09:06:12,372,66.28,0.2049,10.082,1498.1,cooling_fault
2025-01-15 09:06:13,373,66.45,0.2076,10.073,1498.8,cooling_fault
2025-01-15 09:06:14,374,66.24,0.2024,10.08,1496.4,cooling_fault
2025-01-15 09:06:15,375,66.21,0.2015,10.183,1505.6,cooling_fault
2025-01-15 09:06:16,376,66.44,0.203,10.036,1503.4,cooling_fault
2025-01-15 09:06:17,377,66.43,0.2029,10.15,1496.0,cooling_fault
2025-01-15 09:06:18,378,66.17,0.2012,10.008,1496.3,cooling_fault
2025-01-15 09:06:19,379,66.37,0.2041,10.069,1503.2,cooling_fault
2025-01-15 09:06:20,380,66.52,0.2027,10.038,1495.6,cooling_fault
2025-01-15 09:06:21,381,66.4,0.1998,10.148,1495.4,cooling_fault
2025-01-15 09:06:22,382,66.49,0.203,10.179,1500.3,cooling_fault
2025-01-15 09:06:23,383,66.62,0.2005,10.113,1497.7,cooling_fault
2025-01-15 09:06:24,384,66.68,0.2023,10.096,1500.1,cooling_fault
2025-01-15 09:06:25,385,66.66,0.2029,10.192,1489.2,cooling_fault
2025-01-15 09:06:26,386,66.62,0.206,10.083,1493.5,cooling_fault
2025-01-15 09:06:27,387,66.36,0.2042,10.125,1501.4,cooling_fault
2025-01-15 09:06:28,388,66.74,0.2013,10.084,1498.3,cooling_fault
2025-01-15 09:06:29,389,66.68,0.2009,10.139,1493.6,cooling_fault
2025-01-15 09:06:30,390,66.81,0.2039,10.06,1493.5,cooling_fault
2025-01-15 09:06:31,391,66.89,0.2026,10.12,1501.3,cooling_fault
2025-01-15 09:06:32,392,66.84,0.2006,10.198,1493.8,cooling_fault
2025-01-15 09:06:33,393,66.88,0.2026,10.107,1499.1,cooling_fault
2025-01-15 09:06:34,394,67.05,0.2048,10.055,1499.3,cooling_fault
2025-01-15 09:06:35,395,66.84,0.2023,10.087,1500.4,cooling_fault
2025-01-15 09:06:36,396,66.83,0.202,10.135,1493.1,cooling_fault
2025-01-15 09:06:37,397,67.13,0.2061,10.103,1495.7,cooling_fault
2025-01-15 09:06:38,398,66.89,0.203,10.079,1494.5,cooling_fault
2025-01-15 09:06:39,399,67.06,0.2029,10.052,1498.8,cooling_fault
2025-01-15 09:06:40,400,66.97,0.1983,10.05,1494.5,cooling_fault
2025-01-15 09:06:41,401,67.2,0.2031,10.081,1502.2,cooling_fault
2025-01-15 09:06:42,402,67.08,0.2049,10.106,1498.3,cooling_fault
2025-01-15 09:06:43,403,67.13,0.2028,10.146,1501.0,cooling_fault
2025-01-15 09:06:44,404,67.11,0.202,10.096,1497.0,cooling_fault
2025-01-15 09:06:45,405,67.15,0.2089,10.063,1500.6,cooling_fault
2025-01-15 09:06:46,406,67.09,0.205,10.121,1497.6,cooling_fault
2025-01-15 09:06:47,407,67.11,0.2024,10.068,1496.9,cooling_fault
2025-01-15 09:06:48,408,67.09,0.2036,10.198,1497.5,cooling_fault
2025-01-15 09:06:49,409,67.24,0.203,10.079,1499.8,cooling_fault
2025-01-15 09:06:50,410,67.28,0.2024,10.08,1494.4,cooling_fault
2025-01-15 09:06:51,411,67.49,0.2014,10.137,1496.4,cooling_fault
2025-01-15 09:06:52,412,67.22,0.2002,10.005,1501.3,cooling_fault
2025-01-15 09:06:53,413,67.59,0.2029,10.026,1491.7,cooling_fault
2025-01-15 09:06:54,414,67.4,0.2076,10.058,1495.9,cooling_fault
2025-01-15 09:06:55,415,67.45,0.2035,9.988,1499.9,cooling_fault
2025-01-15 09:06:56,416,67.33,0.2032,9.981,1496.3,cooling_fault
2025-01-15 09:06:57,417,67.32,0.2011,10.158,1498.0,cooling_fault
2025-01-15 09:06:58,418,67.6,0.2022,10.014,1498.3,cooling_fault
2025-01-15 09:06:59,419,67.63,0.2024,10.171,1501.4,cooling_fault
2025-01-15 09:07:00,420,67.57,0.2,10.048,1500.6,cooling_fault
2025-01-15 09:07:01,421,67.54,0.2063,10.136,1493.9,cooling_fault
2025-01-15 09:07:02,422,67.46,0.2022,10.13,1500.4,cooling_fault
2025-01-15 09:07:03,423,67.54,0.2028,10.044,1493.1,cooling_fault
2025-01-15 09:07:04,424,67.63,0.2038,10.149,1497.6,cooling_fault
2025-01-15 09:07:05,425,67.7,0.2013,10.131,1497.7,cooling_fault
2025-01-15 09:07:06,426,67.49,0.2012,10.017,1498.1,cooling_fault
2025-01-15 09:07:07,427,67.79,0.2003,10.047,1495.3,cooling_fault
2025-01-15 09:07:08,428,67.63,0.2002,10.07,1492.5,cooling_fault
2025-01-15 09:07:09,429,67.79,0.2051,10.137,1496.9,cooling_fault
2025-01-15 09:07:10,430,67.76,0.202,10.181,1499.5,cooling_fault
2025-01-15 09:07:11,431,67.78,0.203,10.065,1500.8,cooling_fault
2025-01-15 09:07:12,432,67.74,0.2025,10.107,1500.0,cooling_fault
2025-01-15 09:07:13,433,67.86,0.2055,10.077,1500.6,cooling_fault
2025-01-15 09:07:14,434,67.84,0.2049,10.127,1500.9,cooling_fault
2025-01-15 09:07:15,435,67.79,0.2074,10.154,1498.4,cooling_fault
2025-01-15 09:07:16,436,67.73,0.2031,10.062,1493.0,cooling_fault
2025-01-15 09:07:17,437,67.87,0.2026,10.15,1497.5,cooling_fault
2025-01-15 09:07:18,438,68.04,0.2045,10.145,1495.7,cooling_fault
2025-01-15 09:07:19,439,68.2,0.2052,10.069,1495.2,cooling_fault
2025-01-15 09:07:20,440,68.01,0.2054,10.06,1499.3,cooling_fault
2025-01-15 09:07:21,441,67.99,0.2052,10.147,1500.1,cooling_fault
2025-01-15 09:07:22,442,68.36,0.2057,10.064,1487.1,cooling_fault
2025-01-15 09:07:23,443,68.06,0.2058,10.086,1496.6,cooling_fault
2025-01-15 09:07:24,444,68.03,0.2031,10.138,1500.9,cooling_fault
2025-01-15 09:07:25,445,68.15,0.2025,10.157,1497.9,cooling_fault
2025-01-15 09:07:26,446,68.21,0.2026,10.161,1496.7,cooling_fault
2025-01-15 09:07:27,447,68.11,0.2032,10.082,1495.0,cooling_fault
2025-01-15 09:07:28,448,68.17,0.2026,10.127,1496.1,cooling_fault
2025-01-15 09:07:29,449,68.33,0.2027,10.116,1496.9,cooling_fault
2025-01-15 09:07:30,450,68.37,0.1988,10.139,1496.3,cooling_fault
2025-01-15 09:07:31,451,68.27,0.2006,10.116,1490.9,cooling_fault
2025-01-15 09:07:32,452,68.32,0.2016,10.092,1496.7,cooling_fault
2025-01-15 09:07:33,453,68.4,0.2056,10.169,1499.1,cooling_fault
2025-01-15 09:07:34,454,68.31,0.2046,10.163,1501.7,cooling_fault
2025-01-15 09:07:35,455,68.33,0.2054,10.185,1496.5,cooling_fault
2025-01-15 09:07:36,456,68.23,0.2025,10.155,1494.5,cooling_fault
2025-01-15 09:07:37,457,68.52,0.2029,10.132,1498.7,cooling_fault
2025-01-15 09:07:38,458,68.59,0.2018,10.051,1497.0,cooling_fault
2025-01-15 09:07:39,459,68.54,0.2052,10.197,1503.4,cooling_fault
2025-01-15 09:07:40,460,68.44,0.2047,10.152,1495.0,cooling_fault
2025-01-15 09:07:41,461,68.61,0.2058,10.074,1494.2,cooling_fault
2025-01-15 09:07:42,462,68.54,0.2029,10.098,1495.2,cooling_fault
2025-01-15 09:07:43,463,68.58,0.203,10.176,1499.3,cooling_fault
2025-01-15 09:07:44,464,68.58,0.2039,10.146,1499.8,cooling_fault
2025-01-15 09:07:45,465,68.71,0.2021,10.059,1498.6,cooling_fault
2025-01-15 09:07:46,466,68.73,0.2039,10.056,1497.4,cooling_fault
2025-01-15 09:07:47,467,68.83,0.2018,10.121,1494.3,cooling_fault
2025-01-15 09:07:48,468,68.73,0.2028,10.189,1494.0,cooling_fault
2025-01-15 09:07:49,469,68.73,0.2094,10.104,1494.9,cooling_fault
2025-01-15 09:07:50,470,68.83,0.2038,10.166,1501.0,cooling_fault
2025-01-15 09:07:51,471,68.88,0.2059,10.172,1496.9,cooling_fault
2025-01-15 09:07:52,472,68.93,0.2085,10.128,1496.5,cooling_fault
2025-01-15 09:07:53,473,68.71,0.206,10.066,1497.2,cooling_fault
2025-01-15 09:07:54,474,68.83,0.201,10.114,1491.7,cooling_fault
2025-01-15 09:07:55,475,68.89,0.2063,10.096,1496.9,cooling_fault
2025-01-15 09:07:56,476,68.87,0.2071,10.119,1495.2,cooling_fault
2025-01-15 09:07:57,477,68.98,0.2049,10.085,1503.6,cooling_fault
2025-01-15 09:07:58,478,68.88,0.2067,10.056,1499.9,cooling_fault
2025-01-15 09:07:59,479,68.94,0.2079,10.141,1494.7,cooling_fault
2025-01-15 09:08:00,480,69.04,0.2041,10.069,1496.3,cooling_fault
2025-01-15 09:08:01,481,69.14,0.2039,10.165,1497.6,cooling_fault
2025-01-15 09:08:02,482,68.98,0.2026,10.119,1501.3,cooling_fault
2025-01-15 09:08:03,483,69.19,0.207,10.173,1496.1,cooling_fault
2025-01-15 09:08:04,484,69.15,0.205,10.092,1492.5,cooling_fault
2025-01-15 09:08:05,485,69.15,0.2035,10.142,1502.8,cooling_fault
2025-01-15 09:08:06,486,69.15,0.2011,10.134,1492.0,cooling_fault
2025-01-15 09:08:07,487,69.27,0.2069,10.153,1498.3,cooling_fault
2025-01-15 09:08:08,488,69.17,0.2026,10.152,1495.0,cooling_fault
2025-01-15 09:08:09,489,69.26,0.2036,10.2,1492.7,cooling_fault
2025-01-15 09:08:10,490,69.3,0.2038,10.099,1496.4,cooling_fault
2025-01-15 09:08:11,491,69.28,0.2043,10.186,1498.5,cooling_fault
2025-01-15 09:08:12,492,69.31,0.2034,10.118,1497.6,cooling_fault
2025-01-15 09:08:13,493,69.24,0.2047,10.084,1496.0,cooling_fault
2025-01-15 09:08:14,494,69.39,0.2033,10.093,1497.1,cooling_fault
2025-01-15 09:08:15,495,69.39,0.2014,10.1,1491.9,cooling_fault
2025-01-15 09:08:16,496,69.39,0.2041,10.116,1495.3,cooling_fault
2025-01-15 09:08:17,497,69.6,0.2075,10.151,1494.3,cooling_fault
2025-01-15 09:08:18,498,69.56,0.2056,10.105,1499.5,cooling_fault
2025-01-15 09:08:19,499,69.53,0.2041,10.054,1489.7,cooling_fault
2025-01-15 09:08:20,500,69.58,0.2059,10.091,1493.6,cooling_fault
2025-01-15 09:08:21,501,69.6,0.2052,10.147,1501.3,cooling_fault
2025-01-15 09:08:22,502,69.52,0.2,10.134,1497.0,cooling_fault
2025-01-15 09:08:23,503,69.44,0.2047,10.067,1491.5,cooling_fault
2025-01-15 09:08:24,504,69.52,0.2048,10.176,1489.3,cooling_fault
2025-01-15 09:08:25,505,69.67,0.202,10.065,1492.6,cooling_fault
2025-01-15 09:08:26,506,69.64,0.2031,10.116,1496.7,cooling_fault
2025-01-15 09:08:27,507,69.68,0.2052,10.033,1495.2,cooling_fault
2025-01-15 09:08:28,508,69.61,0.2013,10.178,1501.7,cooling_fault
2025-01-15 09:08:29,509,69.65,0.2015,10.137,1496.4,cooling_fault
2025-01-15 09:08:30,510,69.75,0.2032,10.094,1494.6,cooling_fault
2025-01-15 09:08:31,511,69.79,0.2071,10.138,1493.1,cooling_fault
2025-01-15 09:08:32,512,70.03,0.2069,10.093,1493.5,cooling_fault
2025-01-15 09:08:33,513,69.82,0.2064,10.23,1493.2,cooling_fault
2025-01-15 09:08:34,514,69.86,0.2029,10.129,1491.4,cooling_fault
2025-01-15 09:08:35,515,69.8,0.2049,10.057,1498.1,cooling_fault
2025-01-15 09:08:36,516,69.83,0.2044,10.059,1503.5,cooling_fault
2025-01-15 09:08:37,517,70.03,0.204,10.052,1492.7,cooling_fault
2025-01-15 09:08:38,518,69.83,0.2084,10.17,1493.5,cooling_fault
2025-01-15 09:08:39,519,70.04,0.2056,10.134,1497.9,cooling_fault
2025-01-15 09:08:40,520,69.92,0.2045,10.074,1494.3,cooling_fault
2025-01-15 09:08:41,521,70.14,0.2061,10.144,1492.7,cooling_fault
2025-01-15 09:08:42,522,69.89,0.2065,10.182,1497.9,cooling_fault
2025-01-15 09:08:43,523,69.91,0.2083,10.084,1493.8,cooling_fault
2025-01-15 09:08:44,524,69.95,0.2056,10.093,1495.5,cooling_fault
2025-01-15 09:08:45,525,70.15,0.2007,10.154,1493.1,cooling_fault
2025-01-15 09:08:46,526,70.18,0.2041,10.169,1498.0,cooling_fault
2025-01-15 09:08:47,527,70.17,0.2032,10.127,1497.3,cooling_fault
2025-01-15 09:08:48,528,70.13,0.2051,10.143,1498.2,cooling_fault
2025-01-15 09:08:49,529,70.04,0.2041,10.163,1489.7,cooling_fault
2025-01-15 09:08:50,530,70.39,0.202,10.11,1495.9,cooling_fault
2025-01-15 09:08:51,531,70.36,0.2008,10.128,1498.4,cooling_fault
2025-01-15 09:08:52,532,70.46,0.2053,10.095,1489.1,cooling_fault
2025-01-15 09:08:53,533,70.5,0.2052,10.142,1496.8,cooling_fault
2025-01-15 09:08:54,534,70.48,0.2044,10.204,1498.8,cooling_fault
2025-01-15 09:08:55,535,70.27,0.2036,10.214,1490.3,cooling_fault
2025-01-15 09:08:56,536,70.44,0.2025,10.086,1495.3,cooling_fault
2025-01-15 09:08:57,537,70.31,0.2031,10.115,1500.0,cooling_fault
2025-01-15 09:08:58,538,70.61,0.204,10.099,1499.2,cooling_fault
2025-01-15 09:08:59,539,70.34,0.2043,10.158,1491.0,cooling_fault
2025-01-15 09:09:00,540,70.42,0.2018,10.188,1498.0,cooling_fault
2025-01-15 09:09:01,541,70.39,0.2066,10.155,1492.7,cooling_fault
2025-01-15 09:09:02,542,70.64,0.2024,10.057,1496.7,cooling_fault
2025-01-15 09:09:03,543,70.83,0.207,10.084,1498.1,cooling_fault
2025-01-15 09:09:04,544,70.67,0.2062,10.178,1491.7,cooling_fault
2025-01-15 09:09:05,545,70.79,0.2048,10.116,1496.1,cooling_fault
2025-01-15 09:09:06,546,70.74,0.2044,10.061,1497.2,cooling_fault
2025-01-15 09:09:07,547,70.73,0.2046,10.139,1499.4,cooling_fault
2025-01-15 09:09:08,548,70.55,0.2063,10.147,1495.0,cooling_fault
2025-01-15 09:09:09,549,70.86,0.2043,10.124,1492.9,cooling_fault
2025-01-15 09:09:10,550,70.72,0.2064,10.167,1489.9,cooling_fault
2025-01-15 09:09:11,551,70.78,0.2062,10.156,1488.5,cooling_fault
2025-01-15 09:09:12,552,70.86,0.2075,10.136,1495.9,cooling_fault
2025-01-15 09:09:13,553,70.81,0.2061,10.104,1496.6,cooling_fault
2025-01-15 09:09:14,554,70.86,0.2056,10.184,1492.5,cooling_fault
2025-01-15 09:09:15,555,70.75,0.2085,10.138,1491.0,cooling_fault
2025-01-15 09:09:16,556,71.07,0.2047,10.125,1496.8,cooling_fault
2025-01-15 09:09:17,557,71.04,0.2035,10.058,1493.5,cooling_fault
2025-01-15 09:09:18,558,70.98,0.2057,10.133,1498.4,cooling_fault
2025-01-15 09:09:19,559,70.91,0.2032,10.094,1495.1,cooling_fault
2025-01-15 09:09:20,560,70.95,0.2016,10.09,1492.0,cooling_fault
2025-01-15 09:09:21,561,71.06,0.2049,10.149,1496.4,cooling_fault
2025-01-15 09:09:22,562,71.11,0.2085,10.216,1495.3,cooling_fault
2025-01-15 09:09:23,563,70.97,0.201,10.114,1499.0,cooling_fault
2025-01-15 09:09:24,564,70.94,0.2073,10.19,1492.9,cooling_fault
2025-01-15 09:09:25,565,71.12,0.2061,10.201,1496.1,cooling_fault
2025-01-15 09:09:26,566,71.2,0.2057,10.092,1496.1,cooling_fault
2025-01-15 09:09:27,567,71.07,0.206,10.173,1498.8,cooling_fault
2025-01-15 09:09:28,568,71.16,0.2059,10.141,1495.2,cooling_fault
2025-01-15 09:09:29,569,71.25,0.2037,10.158,1493.2,cooling_fault
2025-01-15 09:09:30,570,71.19,0.2059,10.17,1499.5,cooling_fault
2025-01-15 09:09:31,571,71.34,0.2074,10.179,1497.0,cooling_fault
2025-01-15 09:09:32,572,71.25,0.2065,10.133,1497.6,cooling_fault
2025-01-15 09:09:33,573,71.29,0.2029,10.181,1501.3,cooling_fault
2025-01-15 09:09:34,574,71.32,0.207,10.105,1495.8,cooling_fault
2025-01-15 09:09:35,575,71.33,0.2058,10.112,1495.9,cooling_fault
2025-01-15 09:09:36,576,71.37,0.2044,10.191,1496.0,cooling_fault
2025-01-15 09:09:37,577,71.29,0.2051,10.153,1494.6,cooling_fault
2025-01-15 09:09:38,578,71.5,0.2067,10.217,1498.7,cooling_fault
2025-01-15 09:09:39,579,71.4,0.2062,10.263,1493.4,cooling_fault
2025-01-15 09:09:40,580,71.63,0.2062,10.089,1494.1,cooling_fault
2025-01-15 09:09:41,581,71.45,0.208,10.146,1492.5,cooling_fault
2025-01-15 09:09:42,582,71.65,0.2022,10.135,1498.8,cooling_fault
2025-01-15 09:09:43,583,71.6,0.205,10.164,1493.6,cooling_fault
2025-01-15 09:09:44,584,71.61,0.202,10.165,1494.4,cooling_fault
2025-01-15 09:09:45,585,71.54,0.2064,10.072,1492.4,cooling_fault
2025-01-15 09:09:46,586,71.52,0.2084,10.107,1491.1,cooling_fault
2025-01-15 09:09:47,587,71.66,0.2051,10.097,1491.9,cooling_fault
2025-01-15 09:09:48,588,71.78,0.2042,10.136,1497.7,cooling_fault
2025-01-15 09:09:49,589,71.75,0.2047,10.121,1499.0,cooling_fault
2025-01-15 09:09:50,590,71.85,0.2045,10.116,1494.4,cooling_fault
2025-01-15 09:09:51,591,71.77,0.2072,10.017,1495.8,cooling_fault
2025-01-15 09:09:52,592,71.72,0.2026,10.144,1494.0,cooling_fault
2025-01-15 09:09:53,593,71.78,0.2047,10.142,1494.9,cooling_fault
2025-01-15 09:09:54,594,71.94,0.2035,10.127,1495.3,cooling_fault
2025-01-15 09:09:55,595,71.73,0.2041,10.206,1499.8,cooling_fault
2025-01-15 09:09:56,596,71.81,0.2028,10.235,1495.8,cooling_fault
2025-01-15 09:09:57,597,71.86,0.1985,10.161,1491.5,cooling_fault
2025-01-15 09:09:58,598,71.93,0.2031,10.155,1495.1,cooling_fault
2025-01-15 09:09:59,599,71.88,0.2064,10.106,1495.3,cooling_fault
